{
    "rmse": 0.6940488756328187,
    "mae": 0.5434073578482197,
    "r2": 0.2737152189264055
}